"ID","Honorific","Given Name","Family Name","Title","Division","School","Email"
1234,"Mr","Albert","Zweistein","Associate Lecturer","Faculty of Science","Chemistry","albert.zweistein@uni.edu.au"
2222,"Mrs","Jane","Crowley","Lecturer","Faculty of Business","International Relations","jane.crowley@uni.edu.au"
10001356,"Miss","Ludo","Smith","Research Assistant","Advanced Research Centre","Medicine","ludo.smith@uni.edu.au"
12312309,"Prof","Ang","Pots","Dean","Faculty of Education","Primary Schooling","ang.pots@uni.edu.au"
115534,"Dr","Bo","Millett","Lecturer","Faculty of Information Technology","Information Security","bo.millet@uni.edu.au"
88450274,"Dr","Monique","Kimble","Researcher","Faculty of Science","Astro Physics","monique.kimble@uni.edu.au"
74539563,"Dr","Cosmo","Costanza","Associate Lecturer","Faculty of Business","Human Resources","cosmo.costanza@uni.edu.au"
